Source_id,Translation
1,click on the first line with control section s.
2,"it is said that i bring a small one on me again and with other other thing unto you with my body."""
3,do we do start with the i go to my and
4,select the data from the settings to set into this color for your
5,"""but he took out of the lord, and there being a a far but it was not for a greater damnation."""
6,in between the details into the various abstract into the various fields.
7,boy has mercy on you all.
8,slowly it down the the head down with the
9,"""in pray the whole thing on it unto you in his own art unto you."""
10,"""one is the first of the plants also from the spirit dead and the plants in the and the body."""
11,he is
12,now are various methods.
13,click on back to the settings go back to the select the and select down.
14,at the line of the side of type and other side of displayed.
15,in the top tab to click on the
16,we we have the error at index 0 is 2.
17,"""a the the hands from the head or by the head over your head into its head."
18,those are
19,"apache, mysql project is full full full for"
20,we can do we move on to make our machine.
21,you that the in a file.
22,1. it is called into the
23,we can see the new question in the file.
24,do not practice after the eyes with any other over to the ground and the
25,"""having this, did not cut up into the high thing is, the is, is, the is, the high of the body."""
26,you can do colour into the eyes can
27,delete the colour into the
28,boy displays affection in you.
29,"""in the king kept at the one thing before you into the"
30,i will type: this dialog in the tutorial.
31,let the eyes can be
32,• move the head down over all the left one with the
33,i select the select select colour and select brush and i select the selection.
34,we will move to go into the
35,make sure the process or one of
36,do not you some other images or even as your and not before you want to it.
37,"""a while or increase the eye and to increase around its own"
38,"""there is the process by again so he the high priest and the blood of the lord from your own life against our own"
39,"""• on the process into black around the the weight"
40,press get a path
41,press enter.
42,"""then took the son of her against against the spirit of the cup of the spirit, he that be called the of the the of of the"
43,this brings us to the end of this tutorial.
44,these can be using from it.
45,in the form
46,"eg: char = 11, or sentence typed, or"
47,type the contact at the panel .
48,now inside the xampp create database and create a new system.
49,i will now see that the command called nanotube and view nanotube earlier.
50,"see, the rain process can be the the the"
51,welcome to meet the gimp.
52,it the the variable of less than symbol. and its
53,we can see the output of a process.
54,"we are we see, the desktop in a format"
55,now we will see how to create our new name of our company - page.
56,he was the
57,we are
58,i am i am to i it to save it to say it to say it to blue.
59,do we make the with normal breathing.
60,"""and it shall be an into the same of the a great herd of righteousness."""
61,the the number in the table.
62,click on the button.
63,this means that the the on a particular
64,again the first again so click on it.
65,"""he has opened the and thread and the it was the and of the"
66,duryodhana becomes get over on the eye and
67,"if you do not have good bandwidth, you can download and watch it."
68,"""in the process of less than or a a part of the sun into the eye of its own"
69,while exhaling increase the process can be with the the weight of the
70,select the layer is to type the object.
71,he is the return
72,is is
73,click the first method of the respective vendor.
74,here two two here.
75,we are going to
76,"""that from your hands against the lord of the lord jesus hid on his own hands unto them."""
77,"so, the control the go to bottom."
78,we can add a text to this action.
79,boy is a book.
80,we will get to his what his what does not
81,"""however, from on it was come into over the and the lord"
82,continue the back concave on the ears to relax or increase the toes to increase the trunk from the left.
83,we we move them to our
84,that is not
85,"""but of men i not not subject to the lord: and the law of the"
86,"""• one with the mouth or rama and move on the feet."""
87,4. roots - are various own leading to d.d.t. and
88,"i can do is, the i have to do."
89,we have created a character with an arrow.
90,try out the day of maricha.
91,"in this tutorial, we learnt to convert and modify the plugin to give the"
92,"""in one whose face or one day or the eye of the and the"
93,this helps to help of or by or or by any other into its actions or one
94,"now, we can learn how to convert a into other machine."
95,these are kept on the
96,"for the first item type, look at inkscape."
97,who is working.
98,she is
99,"it has changed using the from 1 or sentence typed, or a double or semicolon."
100,"""a one of the air can move the high with the point into its superclass."
101,"""that not that the day having the as having the as that ye may be that of the"
102,"""they can see that cut or cut or by or"
103,"""he he was caught into the house, and he is christ."""
104,"he said unto them, again unto the lord, after the he that he hath ears from his people."""
105,move the layer as a
106,exhale completely through the following or or or
107,these are rivers.
108,is is there.
109,he the two options
110,he is
111,click on the color of the text and click on the canvas.
112,he was ?
113,"""and he that on the spirit unto the other of the other side, he saw."""
114,there are there in an dialog box.
115,now we will convert the details from the to use the details we display the current machine.
116,we will learn about how to create a particular
117,now type ls space -l slash press enter. press enter.
118,click on the values of final and create it.
119,let we will change the different from from index values.
120,"""but he took on me again against the against the against against against against against the gospel against his against the gospel of the against the gospel of the"
121,"however, two are 3 with a single dimensional array a single quotes space double quotes space double quotes space grepdemo.txt"
122,now we can change these things can see another in it.
123,duryodhana get a book.
124,2. type the or or by the alphabet or any
125,it is already written the first class using the user class using dot jsp.
126,you can be before.
127,explain the other path and
128,save the run by using and run option.
129,click on the table type as 1 type .
130,we can see what annotation to it.
131,"it is apt to practice in the pain."""
132,it is a straight or goods into long and in your body
133,create the colour into the second colour and the
134,fill the back into a and size.
135,let’s come here. to the next to the source here.
136,type the name for it denotes you for the same as the
137,here we see that the add a 'root in a little wave.
138,duryodhana it was the from the
139,this has this has the details of the current information and it with the and and type date
140,we can can change the to do not visible.
141,we are working.
142,do we start or or on your own
143,and a simple of index
144,• raise the legs position of the legs by 90 degree and the body
145,"""elevate is these breathing around the"
146,he is the on
147,i have already downloaded on this by clicking on this mission is available at this link.
148,"spoken tutorial project is a part of the ""talk to a teacher project,"
149,switch to koha spoken tutorial project.
150,"""then cometh he opened unto him, and bound unto the lord, and the it unto the lord."""
151,to create the web browser on your moodle site.
152,you will get both the fields.
153,and you can also edit together.
154,it will learn about: of the available at this link.
155,"however, internet is should be avoided, as it causes some display inconsistencies."
156,just type the command: ls space minus press ls and press enter.
157,we will name is named as in frontaccounting.
158,mark on fire of around earth and less on his own
159,do the eyes
160,"""o god on the high thing i am cast into the lest i am not against me and to be unto the"
161,try up up the the or increase or increase or increase or increase and set the trunk and the left.
162,"""and a man offend unto him that the of the scripture one of the lord, that is at any man of the lord, and not only the"
163,i am
164,"see, the right process is divided into black and second one is"
165,"we have learnt what it is, to check for our own"
166,the eye is the second stitch to the sun .
167,in the right palm on the left side of all the users.
168,let us see that the same called
169,"""then took the the took the seven angels and the first one of a house, and he that is, the the judgment of the"
170,starting from the simple with layers.
171,"so, i can delete the point as it from it."
172,select the the method from the second symbol from the right or type the semicolon.
173,"""jesus saith unto them, go into the city of my and"
174,"""a off the start with his own son, and his own"
175,let us see how to add gl line and type int.
176,close the dialog box appears.
177,click on the information on it project.
178,i get the other option as per which student has been added to the other user.
179,he return
180,"""however, he is the good than his"
181,welcome to the spoken tutorial on build c
182,let’s click the source of the first 3 and see the radius of type and copy paste a selection.
183,that is a
184,it has been the to the the the start the the the the result of the page and grade.
185,now we one with another with statement at the value of x is already to return the variable of this line.
186,"3. we are use the or one for the body."""
187,"""in the sun here on the sun of his own"
188,"so, i select the square from my"
189,"""looking one with small one thing to make your eyes and the one of the"
190,so in this practice should be practice to the breathing of that the breath in summers.
191,"spoken tutorial project is a part of the talk to a teacher project and is supported by the national mission on education through ict, mhrd, government of india."
192,the spoken tutorial project team conducts workshops using spoken tutorials.
193,"""he saith, he saith, to save the son of god, and he that the lord of god, and the the house, and the eternal the to the"
194,2. one who is the nature
195,while the process status around the head to increase the following:
196,the a very
197,type the following
198,"""in the king from on fire of the other a and high places."""
199,"so, i select the line and i drop down here i select here and now i select here and now i can select the foreground and delete the"
200,3. has a place or on
201,move with the help with with with other
202,now inside the previous option.
203,he is
204,repeat it is for by changing the
205,"""then said unto them, from them, ye not not the it in thee to be in yourselves, and that ye may be it into the people."""
206,we do not get the amount for the use information.
207,now press ctrl + z and copy into the file and copy it.
208,click on the selector tool.
209,i will switch from the
210,"""as it is not only the process or process and also at the and and proper ones get the result of the left."
211,we will now create the method showorgdata to index and the index respectively.
212,for select the folder click on text and font
213,repeat the process or process to start the whole parts of the the
214,"get nitrogen, move on index and negative number."
215,create a set using latex.
216,"here, the standard field after the current fields."
217,"""then took he had called the into the guests, he that i say, and that is from the other one of it."""
218,boy has on on those.
219,in that we can pass the form of our tutorial.
220,"""o my father that my father, and my father by me in my and my my servants the"
221,click on text editor from a folder.
222,boy has on all.
223,i will select i use hold the other brush in
224,"""i did thee against the high thing i am not against me for my father, that ye may be in and and he that i bring him unto damascus."""
225,"he was the token of the coming of the world, and not on the"
226,"this pranayama is a small breathing techniques which the meditative postures."""
227,"""in the form of the room what does not what sign"
228,"see, we want to start what it is a without into your own"
229,type the command: key space minus d and type the right press enter.
230,"""a one from the up the high thing then it is not only against your eyes."""
231,"""in the high of of his own milk."
232,you are you in the
233,since the second process is divided into the circle and there are the from the other option.
234,they are
235,the second one is like to create it is ready to
236,"""he on the angel of his own brother shall be in and and the lord god with publicans and he that hear with him."""
237,there are not be up or
238,"""he is moved with me having again and to the high having to be having the of the lord."""
239,"""it are based on him, and help"
240,then increase hold or increase or increase or increase or increase the
241,"""the simple, get a table up for the while you will become the mind."
242,"then, you get the the that the first right and the right nostril and display your"
243,what was what happens what happens in the ?
244,we have already seen the default we are printing from the index
245,repeat the start to the the eye
246,"""in this, you feel the start one with a few perfect into the"
247,we get up or one thing into the or one becomes again and its actions
248,in the centre in between the
249,select the objects or icons on the objects or type keys.
250,these practices has not the point on the waste
251,"""he on your own eyes, and it was come unto the"
252,these are
253,"however, internet explorer should be together to the title and not on the"
254,"""he is it that the a or or a or or a or a or by fire."""
255,zoom the return to with the fields.
256,is the my colour.
257,we can start over by again and
258,then click on site administration
259,click on fire
260,"""for ye not not say unto you, that i say unto you, that ye might be with the righteous:"""
261,a new page opens up.
262,from the files or in in move it into its own sequence on your own colour.
263,in the field type printing the type shown as a single object.
264,they are
265,again move the top to 2.
266,type a dialog box.
267,among the cow is at the into the area of its and
268,"""there is the into the into the place of your eyes."""
269,it is important to practice or touch or mind.
270,"""that the hands with fire of your own image and become the of the"
271,"""he it was again against their own hands against the high than the"
272,we had a again that it as an variable .
273,we have learnt about:
274,for the first field for marc into koha
275,next the the weight is the next line the next to the the weight and finally the weight
276,do not get the return tab.
277,click it is for the display
278,"""o god not open you you in the day of god, then it shall be in in the judgment of christ."""
279,the people of you should be support to the
280,make sure this process or a clear the or
281,then you can see the colour to start painting the tool here is now i select a brush by a brush
282,but a very not able to check on the
283,he is the method of the method as required.
284,i am use the web browser.
285,let us see the code
286,"""he on oxygen before the lord and one of the and the only one who has moved with the"
287,"""he appeared at his hand, and it came into a house, and it is not in the lord."""
288,duryodhana get a book.
289,"""he he said unto them in one of god, and with them, and children, the fire of christ."""
290,"now, let us switch to the koha superlibrarian account and"
291,click on the back to create and and and check the and and courses.
292,"""one on the out over his face or one into the into the body."""
293,and check it is. in a c
294,rama is the first 2.
295,"""he on his hands against cut into it into the one of the lord."""
296,we we can we use into our
297,click on the right leg away the point point on the
298,"""a one on the mark or mammals by coming into the space or feet."""
299,"""a with the objects are one or start with the and and use it result by using by date."
300,let us the the line with the email to 70.
301,"""he who gives me away from heaven or one who eat and to the the from the truth."""
302,when you years around up into the ground.
303,now we start the check-box or delete the or or a class or or equal to it.
304,try the day or cut up into the and to make sure
305,scroll down and click on the button at right and click on
306,now the text tool and select the text and select the text tool box.
307,"""then took the soldiers of his wife, and his mother of him."""
308,interact by the mouth of
309,"""o god on me at the high thing at the end of god, and it shall make the lord by the"
310,"""he said unto him, and said, lord, if there is a good thing that it is that he to hear from god: and he had received them to them that take,"
311,and the next dialog box.
312,"""when any time before you did a up into the night, then it was never if it outside of his hands and a clear"
313,then we will
314,"now, go back to return or etc."
315,in the two are different variables.
316,with the details for the different and for the respective result with different angles.
317,without the start at the point of the the
318,"he he eat before his blood, but the"
319,continue down on the process to relax completely relaxed
320,repeat it.
321,my colour is my face or my or one
322,they are done.
323,"""in the process of the process or be completely and bliss."""
324,"""for we ourselves not our own or in our own what our own"
325,we will learn about: what add
326,i will return a single brush about half
327,now the the image from the
328,mark on the high thing before make it into the into your own
329,we will be going to create other objects. in it.
330,it is not to the lines to print in a particular
331,you can the data get the data from the text from the it will be be included as 40.
332,"so, i can be it as a as group."
333,"""a was the cut over his"
334,"the move() will be initialized by default, variable variable variable variable and name."
335,"now, let's de-select this tool, my first again and this i want to do it to do the current a bit more to the blue."
336,"this will do if a a comment, which is, this is not equal to show you will get the the current line."
337,you can be
338,we can see the the method is now when the person is stored in y.
339,for the first icon in the text tool click on open to it.
340,"""but it shall not on the unto you in the judgment of god, and then the"
341,try it is a good or
342,inside the main method of the and and run the netbeans
343,delete it. or delete colour or negative and
344,let us see that the data has more on this option should be true.
345,fill
346,"""after me."
347,"he he was caught into into the lord, who is him from his glory?"""
348,"""one one day or cut up into the lord of one whose wife of the"
349,i can select here with the layer
350,"""one who process up the process around the process and around the result of its own"
351,i will leave the image as i
352,we have successfully created as our
353,the next method has its default while the double
354,now let the next now.
355,you are
356,click the second space and then click on and and the right.
357,click on the icon for her circle which can be displayed from that we do not do not
358,when these are will be set the index on
359,"""the whole whole body at the coming to go away from his separated or any other material"
360,next return a book.
361,"""a practice the the help of"
362,there are very important to understand
363,click on the next button at the top of the page to say here.
364,then there are no changes in your
365,"""it is said over both the fine and move the other over to increase the other over the other parts"
366,"and it that the day and make sure that they should not be also."""
367,"here, in the next type return to return"
368,or the or or or
369,"""in pray high thing with fire of to make our lord and to be into"
370,"spoken tutorial project is funded by nmeict, mhrd, government of india."
371,now type the program in closing cd
372,select the first one from the select the tool folder.
373,for the text will show the text editor will
374,"""he on one having me up into the one having a a up for a a and having his hands against his own having her into damascus."""
375,while the color of the color of the and and its the
376,again the i select one ellipse over which i can control the to over the selection.
377,boy displays compassion in them.
378,there is not dismiss
379,as a constructor now.
380,then did increase the whole one hand.
381,which are kept over to the
382,in the drop-down menu click on phpmyadmin.
383,it is the process or the sun of the
384,"""he said unto himself, child, the the the the day of the day in the day of the day or one against him."""
385,so we have just put the result of the variable.
386,and we see the output is if we have been added in
387,he is
388,select all the fill option and drop down through the drop-down.
389,"""it is from one becomes get its own milk."
390,now i am ready to the
391,create the table with 5
392,boy displays affection in you.
393,in the two are found
394,a a can be the of the can be and the light to learn the object.
395,"then, the start gets kept on your own move on its own"
396,"second here, has 3 colour to return the top left of the"
397,we can see a single statement we will use the values of and and a program.
398,we can see the method in the and method related to it.
399,"""but the lord of the world into the same and the same is in christ for the"
400,here you can select the colour here and the can see the selection.
401,click on fire
402,he is two other values.
403,click on the panel from the google file or etc.
404,that is a part is available
405,he is
406,it is done.
407,and i can change the effect and use size.
408,it is the second at the point of
409,"""a one of you glad but your mouth, but i am in the cup of god, and the lord god by the"
410,"if you remember, if you want to select the value of i select the brush from the brush if you want to have."
411,we will change the again as the object.
412,this is a
413,you both the path.
414,"""now he had gathered all hold and against their own husbands, to his own life against christ."""
415,tell the back to start with proper proper and its its own
416,type and click on the and run button.
417,"then we do we can do we or preach that we or in and hold or one with you."""
418,click on the click on browse button at the top of the page and click on the csv file button.
419,"""o from the lord into your eyes, but their own art one for their own"
420,type the main method from the main method on your
421,then click on add button into 3 button.
422,there are many other ways
423,"in this tutorial, we have learnt about: * create ubuntu linux os 16.04"
424,"so, type: let’s click on what we will type:"
425,"""and he began to save and said, having had gathered unto them that make an house, and said, i will cast thee into the and of god into damascus."""
426,1. why whose eyes are very
427,arjuna was the from the fourth
428,"""they did eat, the one of the words against his name of jesus christ to his glory?"""
429,name
430,i will select the in other option.
431,"""one is the becomes into the eye and"
432,repeat the colour into the and
433,"""o let us away on fire of fire again against the high priest and if the lord of the the husband of the the husband of the the table with a black for the body."""
434,you will see a
435,"now, let us run now."
436,the spoken tutorial project team conducts workshops using spoken tutorials and gives certificates on passing online test.
437,we use the * account.
438,it is known on the help of breath which is the mind.
439,you will find you or or or while each other drawing etc.
440,then the increase the result with the
441,you should use a friend.
442,"""o god not the the in the manner of the field, make it into the brethren, or children, or by the we make the body."""
443,then type n = 1 n = 1 and press enter.
444,"""that one or move on the lord of his own what shall the lord of the"
445,"let me player down on the other or a black or feet."""
446,"""and jesus said unto him, one one with their eyes, and make their knees"
447,do repeat it.
448,"""o i, brethren, are ye together to make for it unto him that sit in the"
449,type the end of the
450,"see, one who repeat or one or one word:"
451,press the terminal by pressing on and t keys simultaneously on
452,we are
453,note that our three are available in c++.
454,it is the then that is 0 to 2.
455,repeat the colour or or houses his own
456,arjuna is the again around the
457,select the color of the second or and and stroke paint the stroke of
458,"""then said that ye not not the law of god."""
459,type the web browser from your settings to get a selection.
460,this is the be using
461,"""in the breathing of of cows and one to temples."
462,"""exhale, from asanas - bhujangasana, shalabhasana, dhanurasana, bhujangasana;"
463,please create a minute for the minute and please use the use of your choice.
464,type click on the press ctrl + v to paste.
465,they are
466,repeat the return return or return
467,note that our file is our desktop
468,"""he said i am against me a high thing that i am not risen and to him for a city."""
469,we are now in the
470,"now, suppose i am i equal to new tax and i semicolon."
471,it says that includes field is available on our machine.
472,"we can see, the check-box for a or or selection."
473,"""i say say over or one thing is, and the"
474,why this is the source point which increase it.
475,"""for i shall be unto you by him unto you, and in the seven heads and from the"
476,select the amount for by selecting the canvas.
477,"""o do not the law that day after it unto you as jesus to hear him unto you."""
478,what is a ?
479,type the command as shown here and press enter a enter a enter a file.
480,"""o god may be in the brother of god, with him for ever and for the first of the not in the gospel of god hath not in him."""
481,i am am using
482,"""in case or hands or one thing again against one with black or one of the lord."""
483,it is important to see the other one on the
484,it summarizes the spoken tutorial project.
485,again the the rotate one channel and the the amount of the to say to the the hue to the blue or
486,"""he also in remembrance and the son shall be brought into old and one of them that ye be one for a fire of the"
487,he was at an eye and its other
488,let do from the start from the back into the
489,"""and straightway took the angel of the chief again in the heavens that they had not the to be the and the shall be put into the judgment of the"
490,"""a off the high thing with water, and and it with the lord."""
491,duryodhana becomes get over on the eye and
492,we are
493,it is one - the the which makes the manner and mind.
494,it is one becomes the fields.
495,"""one of this day before the lord is, it is not so that i have a righteous eyes with a long as you to your eyes."""
496,if case display the data which one of around the
497,select both colour into the second one can be
498,delete the get atoms in the
499,"""in case up over his face or one greater than"
500,boy displays regard on you.
501,the word password
502,we have to print the values of this tutorial.
503,then did eat away from the eye of his own
504,you are
505,click the first course is now you can see a new line.
506,to the the one of to select a new project.
507,let us summarize. in this tutorial we have learnt about: the system.
508,make sure the process did not take some time it came to store the on the part of which is for
509,to the new project.
510,while the type string or or type or or
511,in the variables and advanced variables.
512,he he opened his face or houses through his own
513,"""he on fire becomes again over which becomes the point the ball again and black or the term"
514,"""neither one having the up into the house, and one upon the house, of them shall not the"
515,duryodhana one becomes always he has been removed and
516,"here, the next is is note that says data that for printing and double will display it as 40. and grade."
517,"""in the lord of the one who one who just"
518,duryodhana it was into it.
519,"click to learn about scrapbook, select the objects as a particular place and then click on the"
520,make the other top and and other objects on the
521,it is a eye from cleansing
522,then click on print
523,do not practice in the arms sideways or any other or any effect.
524,and we can access these special objects from other other
525,duryodhana will be transformed.
526,we will be initialized as
527,there are some options which between the two images.
528,this can include it posture
529,you both the
530,those are
531,click on the menu button to expand it.
532,select select the select the text from the canvas.
533,for the select the method from the return and return to return the results.
534,"then, we are over up and the application and then on the keyboard."
535,click on the settings button at this button at the top of the selected and select the
536,do not get into step or into the eye of
537,"""but not not up in earth, they which do not old, in in earth, it was not in a good warfare;"""
538,we can add our course option.
539,boy shows affection on
540,"""that the the process that one thing the the to the the of the"
541,"""o god from the king of the week he will get the and the high places."""
542,"""while exhaling, with hands up up the head up and the eye and rest on the floor."""
543,we will not change the or one course or change if we display the course or change if we will change this course.
544,"he he was into a little day, and he is a great"
545,boy displays respect in them.
546,duryodhana one becomes the eye and a good and
547,"now, we will learn out of for this methods."
548,it is not display the point of it is the point is selected.
549,tenali was a small hole of the eye manner will become the
550,we are declaring the first to check use
551,"""he on the lord of his and to one to the high of the body."""
552,"so, type: a line within brackets line which the dot out dot in which the person class and the number and semicolon."
553,sit in the table
554,finally will be methods.
555,now we will show the element to return with
556,type get a set for a single point of
557,is is a what ?
558,now the a single dimensional class.
559,it is the process by using the path for
560,next is next to create the setup
561,"here, we print the output is not equal to null we can modify the value of x will get the number ."
562,"""he that he is the son of he shall he shall be that he will be heaven."""
563,"so, the next now."
564,you all may speak
565,so we can see the words and and get some of the names.
566,you can make sure by making a few chair and
567,click on the side
568,that is not able
569,"""for we are again against the high priest of the first and from fleshly and from the and live which we can see it."""
570,let us to the introduction to a single
571,you can increase the other options on the top of each other then on the other option.
572,the spoken tutorial project team conducts workshops and gives certificates for those who pass an online test.
573,for this was a to fall down for the
574,here is a part of a project.
575,i will get a colour of the respective fields.
576,type the eye is
577,"""and he sent into the and hold the lord, give you as they shall betray them."""
578,4. how simple very important at proper end of his own own
579,make the word password email and type:
580,"""in again only over the the some of all, and the other one day."""
581,the next step is a step the has 2 by 1 to type the double quotes press enter.
582,here we can add a
583,click on pattern for
584,these are
585,it is the during the library option.
586,"type the name as ""hellosampleapplet"""
587,let’s change the same to a character to a budget.
588,you will get ?
589,the will display the title for moodle
590,click on add button button at the bottom right.
591,then click on save button button press enter.
592,by the the line of the line and i can never see that it is one to it.
593,and a simple over a simple
594,to the a class name of the class as folder.
595,click the next option.
596,we got the using into web browser.
597,for a simple jsp ?
598,select one can be the the one at the top of the other at the
599,"so you can see that, you can change the into the name which you want to the"
600,"""while breathing back to take a back to your joints"
601,let me again into the
602,you may add a link with the library management system.
603,click down up to 300 down
604,"""he is always at a good over to his own"
605,duryodhana the eyes
606,in the main method is “c:\xampp\htdocs”
607,you can use any of the same as shown.
608,it will change it set the check-box for the other option.
609,"this can you can be able to :"""
610,in the password password in a new budget.
611,. with the main method in
612,this is
613,"in the next step has to the to the title icons from the to 13,"
614,the library up into this image is done by this it it is easier to this set it by using the
615,boy displays affection in these.
616,place the palms over over the and the other brush
617,we should delete the special files or delete all the angle into or or results.
618,select the colour or or or on the eye muscles.
619,the is done by the
620,"""in one who generates the sun and the sun of his own"
621,this is a mace.
622,why do not get it.
623,type the next questions on the run the
624,this is is the static method of the static method is created.
625,you get book.
626,"""i say unto you, if i have known unto them, lest any man did, and hath the the that i love my father hath"
627,"""there is nothing back on my and to make the lord to the lord not on the"
628,rama is greater than
629,"here, it means one or or in the lower one for the"
630,"also, moodle 3.3 - firefox web web contains the web resources to be moodle 3.3"
631,make the start into proper eye and of the
632,this the file is the home page and as our project and click on the
633,you are
634,in the first line will be kept over the
635,you all are
636,"""one of the process can be when hold on the sun and as your own into its own"
637,tell what do the start over over and size.
638,now let us see how to execute the same program in eclipse.
639,click on the next item users in the left link.
640,"for he also in him that he had not the by the gospel of god, that ye may be called great"
641,"for this tutorial, i am using ubuntu linux os version"
642,i will type the user account
643,click the colour or return to the results.
644,"""one with the process for the place of the into the sun and the in the"
645,to do this practice how to create a new line.
646,"""and not get unto him, and led him unto them, lest any man eat and the the and of his disciples"
647,he has the path
648,"""a one out by black or its own"
649,he will learn how to understand what manner will become his
650,the the colour into the circle and the the the
651,you can choose a set to note on your choice.
652,"for example, we will learn about data and and use the same and in the above the"
653,"see, the process or process or process or one on the eye muscles."
654,the eye is drawn by the eye is like to
655,it is called first name by clicking on it.
656,the the sliders and a little up and the into the help of one to make the students.
657,click on the window now click on this.
658,"""in a simple which helps to the which one of every one of"
659,"""a is one becomes up to its duration."
660,you will be able to
661,a frontaccounting interface.
662,do not the knee of less than one and the brush with a category.
663,"in this tutorial, we will learn about: various data type, earlier."
664,"""in case increase you fire of the water, and get the middle of the air to keep the air"
665,"""for example, your day that she is her your and and your light or light as unto her offered to her offered to her out."""
666,the is the first format is selected.
667,"click on the edit menu, click on edit and edit and click ok."
668,please do that the grade to type the library to a budget.
669,"do you start again against the day without his in the body."""
670,press ctrl + ctrl + v to the the top option.
671,"""in the time of the first one day at the end of a day of this generation;"""
672,now this a new to start with it.
673,"""then said unto them, doth ye against your mouth, whose brother shall be weeping and unto him."""
674,"""in the process or process is off the just or just into a single one thing from the face into the eye for the"
675,"""a little fire of the back becomes and becomes the and the the weight of the"
676,1. is called by or
677,in this general information on create an information and general ledger
678,"""in his disciples cut up unto him, then it against his own"
679,"""for she hath her husband of her in himself, and become a that of the lord is in and to be out."""
680,"""that on the time which was shed from the other of one of the"
681,"here, here, this is note that the first indicator to 1 to type 1 to type 0 to 2."
682,• inhale and the the right heel with the left knee. while exhaling and the left palm on the right.
683,slightly the spine and move the the manner of your eyes.
684,he return
685,switch to the terminal.
686,move the left of the and and on the left
687,and get a path
688,type space chmod space slash
689,"""he saith, the king and his own brother simon, and unto a man, as he saith unto him, blessed is said, thou cast a house, and saith unto the son,"
690,"i select the file, delete the file, from the option or or sentence and then it in the or selection."
691,these practices of these two sources of these are called
692,muscles muscles and water
693,tomorrow was the return function.
694,type the return for a .
695,you are in in you.
696,"he was a certain day, as he took him"
697,duryodhana can be first priority.
698,fold the right leg and the left nostril
699,"""now the lord thy husband against his own sheep against his own hands and cut the and took himself."""
700,"""but they brought forth away his disciples, and said unto them, and give the the gospel of god, and the the the gospel"
701,it is because only the file based on your choice.
702,in the first two options by the first 3 and modify the drop-down.
703,"""a increase the process or and and the the"
704,if we are kept all the seven thing that we are not to another.
705,he is not understand the
706,she is a a single called descending
707,sthiti: tádásana - sthiti: tádásana
708,duryodhana it was not over over the
709,child has respect on me.
710,"click on new record, click on the button and click on a new window."
711,there are kept during the second one and
712,"""there is said in their own thing in our beloved balance of to be in and"
713,"""for what happens see some of the beginning, that ye may see that, if any man shall receive the in the the of the world, and ye into damascus."""
714,"""in the process of the sun which is the through the of of our"
715,"""giving from the process over again into the true but not the the back into the"
716,click on fire into the button at button at the bottom and click on save and window.
717,"""but he is not that in ears to be on his own brother shall be it unto the body."""
718,this is should be displayed on the
719,"if we are kept on this or then it shall be a by the grace of the body."""
720,you are
721,choose the objects you can choose to run and run such as: run and run to run your choice.
722,in the file that you can add a file that a file that
723,the conduct workshops using spoken tutorials and give certificates.
724,3. how can be read for making add and fluent.
725,"here, the first instance variables will be initialized to it."
726,he was the
727,now compile as before.
728,"so, i have got over into the ship without any other medium of these layers and you can do the from the other"
729,exhale breathing up the to learn about breathing
730,"""while exhaling, the breathing the head of your"
731,arjuna was a servant.
732,some are of these many periods are called false
733,it has no error by as less than 40.
734,"""and they brought him, him, and brought him a certain vessel unto a certain vessel unto a faithful and say unto a great supper, and unto them."""
735,it is the one or one becomes the or or results.
736,boy displays affection in you.
737,from the first line with the first line with the respective date.
738,"""a means ten shuddhi on"
739,who is the various indian or
740,"see, from one thing on the eye muscles."
741,"""slowly raise the back to start your head and feel the shoulders into the floor."""
742,i am ready to another into more and more add more star.
743,he was the
744,"at the whole thing that a time for it into a little just of your shame."""
745,click on add button on your settings button.
746,now we have converted initialized the
747,let us delete the on
748,"now, let us fix the"
749,type at next space minus i space within double quotes computers after the double quotes space grepdemo.txt
750,"if not, for relevant tutorials, please visit our website page."
751,click on the button into into and select button.
752,this.
753,this can that the constructor that has to get multiple etc.
754,"""but when i had been against thee, there shall be a righteous by the of the blood of the brethren, and the space of god, and the the of them out."""
755,"""in case the process or process or one on a black or one who has been found."
756,this window on file file by clicking file file test. then display file name.
757,he was the
758,"""neither did you in the whole one of a new and for the whole thing i am using the name of your father and for you."""
759,"""he took up the second fire of the lord and he them into a house, and it not to the"
760,those are devotees.
761,there are the source of
762,a gradient can also start with and and you you start adjusting the
763,in the next format to the ubuntu 10.04.
764,now type ls space -l space example4 and press enter.
765,"after these two are filled with the second move down and click on the side them, and click on the right."
766,the word of your body and on your palms facing in the
767,"if any man offend thee, cut against you as he shall judge his wife, and straightway shall be the into the"
768,"""a person from the start over its increase and its"
769,let us try the a single point with the other one
770,duryodhana it can be
771,"""a is up into the result is its on"
772,"""o increase up up or or false into its own or one who has its own"
773,"""in the whole thing that the day of the or in the body, of one of it."""
774,you can increase any other over and on the canvas.
775,"now, let us add out now."
776,we are that the message: we created on an argument.
777,click on the link for first course to show the course option.
778,do we move through the colour or one to select
779,move the circle and choose the object.
780,"""let the eyes on fire of your and and not the the of the lord without your eyes."""
781,save and run the run the program.
782,and the the left to to make a teacher.
783,now i am selecting a blur and a new image.
784,if the loop is not select its option from 0 here.
785,and the selection to select selection and change the to do.
786,now the the icon to start the s.
787,then he run
788,rama was a white position.
789,a small thing to create a single dimensional default.
790,"in this image, you this thing is tilted; so it is not before this is here."
791,"""in after the lord of his own brother on his own reward into his own"
792,i will do a square a
793,we will learn how to create a simple
794,i am using the
795,"so, the second method to the end of this tutorial."
796,"""o one who appoints the lord is, the the entering into the lord."""
797,more information on this mission is available at the following link hyphen intro.
798,"""he was not unto me away this man, neither is far unto you as the father of the"
799,it has the main method and title and and respective .
800,please do not post unrelated and general questions and the questions on the
801,"""for he said, not fearing and said, if it be possible, neither took it from his own art thou"
802,click on save.
803,"""then cometh he saw the little over and took up the truth."""
804,i.e. means multiple or or remove the abstract method in it.
805,"he one has a good words which are true but the one of the world."""
806,1. comes - the part of sukshma vyayama
807,"please do so, please contact at any website."
808,i am a friend.
809,try to get proper point of the body
810,"you can change here, here, by 1 to 2."
811,if you should have the values of the star is already assigned to white.
812,then becomes are up or or one becomes the and together are the and the
813,now click on create button. and button.
814,"now, let me look at the"
815,let me change the same program to check the same line.
816,"here, between the first colour from other"
817,he was the first day and
818,he was a special special nature and
819,"""that john your brethren, when ye shall see no man, that they shall not put this mountain, neither in him to him for the to him not."""
820,click on the drop down and select the first select select south mumbai.
821,if the errormsgs list of empty then the first use the then display the students.
822,now click on save.
823,"""in our eyes that our lord what is good, what one of it."""
824,for we can see the elements of the
825,"for more details, please write to the spoken hyphen tutorial dot org"
826,again is the top layer
827,if this will then the the list of all then the the the change the
828,press the question in on the top left side of the
829,change the table format
830,boy has faith on you.
831,let us see 5 again to the the group of its variable .
832,"to record this tutorial, i am using: ubuntu linux os 16.04 and koha version 16.05."
833,"""and while his own while his own hand, and the birds and it shall be it unto thee against and and cast into the for the and of them out."""
834,"""if we had been any of your mouth, and if the brethren, if they shall be cast into the and the god into the"
835,click on the for key for your
836,"""and he said unto them, see it these things saith unto them, whose i will shew the name of this is and ye him into the for the fire of god, and ye shall receive the"
837,"you will not have if a while value as 3, and then if any."
838,then go to the the add-ons let’s do
839,"""he on the process with the high thing to the husband of the field, and to the and the your eyes with your eyes and to wife."""
840,"do the colour or thing at his face into the and feet."""
841,"so, i have the current selection and here and i can see here and i can try this here."
842,"""he with another against from one thing into a black or it into the lord."""
843,please note that the not required to the from the
844,click the next to return and press enter.
845,when you increase the error message has set up into the way of your computer files.
846,"now, we will see the result."
847,"""then the the of the body and down the head up and the weight are the mat."
848,scroll down and click on save changes button.
849,"""it of the first can see the list of each and and the result of each came to view through your"
850,duryodhana get a format
851,there was a selection then visible it will then click on it.
852,"now, we can the the next to it."
853,select the objects on the
854,3. one is first fire of the body is relaxed for the
855,click on save.
856,boy displays on them.
857,"so, this command is same as the main method."
858,the name of the spoken tutorial website which you have saved added the file name.
859,we will get the course from the add a new at the to open a budget.
860,next the next x is now as the return to it.
861,duryodhana get a book.
862,then delete a return to select then drop down to say weight and press enter.
863,in the previous will be kept by the
864,create the setup
865,for we have the time for another file called this space minus and called directory.
866,so you will learn what ?
867,duryodhana get a book.
868,those that is usually what to run so to the the members of your mind to
869,"let us summarize, in this tutorial we learnt how to catalog moodle"
870,if statement then the change the end of the
871,i think about the methods.
872,"""he on fire of fire to cut off the high thing for the brethren, and some other over to the and to the into the jerusalem."
873,you can see that it into a into your own
874,"in the details for the sales variables for name, in a local number."
875,we write a message to search a name and install an object of
876,click the if one attempts color for get the color found.
877,which are the
878,it is important then on the result with the format
879,click on site page opens up. the the will be added to check the enrollment in the
880,"""but the lord of the prophets, and said unto her, neither have thou you as unto you as thou against them."""
881,duryodhana becomes get over on the eye and
882,as the use run an existing into and run an image.
883,click on the fill for the fill from the right option.
884,it is one from the next by clicking on the second index and auto-graded.
885,it is set to over without entering into it.
886,click on create button.
887,"""but jesus unto him, and ye ye are of the ye that ye also against jesus christ our fathers"
888,you can choose the settings to make it by default.
889,now a a a single which is
890,do not get any thing in its own
891,"""which not the whole thing, save it not for the way of the body."""
892,"""and he ran to jesus, and take him from the and of the"
893,do one thing kept over all these things are be into you can be
894,try the face up into the head and and hold into the weight of your initial
895,here is a discussion
896,let us go the knowledge of your father and in
897,"now, we will open firefox"
898,"""he has been up through the and of your own"
899,click the closing angle brackets and then type to type the line of the keyboard.
900,then he has come on its
901,he asked
902,it is the process or an easy to a particular
903,then do this has set the start questions on the course or course over the course category
904,"""he on a eyes over his hands and a day before your feet"
905,"""a not from the sun of body and the body of"
906,pranayama is a part of the system.
907,"3. must remember the multiple or or n = or feet."""
908,when the
909,"so, i select the selection from my desktop i am selecting this up."
910,spoken tutorial project team conducts workshops using spoken tutorials.
911,"""in this process is the process the whole but a whole but to the good and to"
912,"in this tutorial, we learnt about it."
913,"these correspond are two these songs take up all the other one forgets one forgets it."""
914,in this tutorial we have to create a program.
915,in the a semicolon.
916,"""he was kept over his life against his own life with him."""
917,"""he has moved into over into small and for it into your own"
918,a word of environment or
919,in the password
920,"""inhale and the trunk for the trunk up vertically bend to make your body so that the trunk parts"
921,come back to our program. let us make the
922,"here, the first field is the string x is 0 to the sum of x and the the is the sum to be sum to the sum is put by the"
923,it has been
924,select up the tool for for click on select logout from your excel and click on your machine.
925,do you do the god against the power and the lord them in together against the down the
926,i have the desktop now.
927,intext questions
928,type the space next button at the right angle bracket .
929,"so, i go to filters >> back to build menu."
930,click on the list of the button at the left right.
931,3.
932,"a spoken tutorial project is funded by the nmeict, mhrd, government of india."
933,next the is the to the the of a category.
934,click on the file and move that file and click on it.
935,i can now use the current installation with a hard and for this is like a pen.
936,let the lord be considered as the
937,"""that it is my home and let us to the and"
938,you are
939,type the word point as shown.
940,"""he that saw not made having the having having the it was not"
941,"""then cometh from me or draw a space or a a up in his own and one upon it unto the lord."""
942,iv. it
943,we can add the structure of reaching the settings which can change the third edge of black.
944,"now, i go to the left hand"
945,let us learn how to use us to use using
946,"""exhale, off increase or increase or or increase or its other"
947,"""there from the power or god without into the way of god, and the lord from the and the lord of your body."""
948,"see, or need not get into life or without into the"
949,"""then took on fire of the prophets, and gave me the the the the other thing i am and to them up the up of it."""
950,second the colour into the second line.
951,that is not declared a
952,that you can see the changes from the objects on the
953,2. he is required for the values of plants.
954,"so, i can change the layer to copy and copy to edit the selection."
955,"""for he that in the church in his own he he his own husbands, and the the that he may the in the eternal the"
956,"""o one - after the face up to pull it while making a face and face its actions and its own"
957,we have that a new named bar.
958,just type the command: ls space minus press ls and press enter.
959,"""he on the king kept he saith, into his father and the it from the into life for the"
960,"see, we got the or one less than or"
961,the the objects are the default or or or delivery or delivery date.
962,and check for import the name of more data and title as as as category as category
963,this the top part is is it as a input
964,he return
965,"""he we are kept in or one or or one or one another or of"
966,change the value as synaptic as an argument.
967,the on the process or next to the internet and the on the keyboard.
968,---add the audio @05:15 from the xampp or frontaccounting to pass your internet and on your computer.
969,. type the result with different own and around the other
970,"then click on the truth took the beginning of the one as far as it shall be in the the the to the the the to be punished."""
971,"""while inhaling, expand the breathing to raise the breathing position and feel the ground"
972,"""one on me over me to make a black but by that the lord of your own for the body."""
973,"""he appeared against against against the lord took up the eye of fire of fire of fire of it."""
974,"so, we have to change black like here."
975,check the weight of this then we will be added to 40.
976,click on the tab active
977,let the first session
978,the process of the process is present on the other side of
979,in the form of
980,"""he on this man when paul could not a good against you good went into a house, and it is the gospel of the eternal life with eternal life with eternal"
981,it means that if the return student then will then do not
982,click on next button button at the menu and click on
983,duryodhana one whose eyes to others.
984,it is a one or or or any can feel or an or or
985,it is important or or its or or
986,show up through out and and return legs and return
987,it is a system using
988,let the the one of a long and the
989,type the closing bracket or sentence and 12.
990,"here, the second line with the menu with the title and 12."
991,type this line has to the firefox web and type it and type int.
992,let do with the good thing to his own life and one
993,"""for the is that hath a year the the of the spirit, which is offered to enter in the"
994,"""exhale, raise the hands or above the head."
995,"""o god anointed me again into one or one whose eyes with your eyes with a golden a golden unto us."""
996,he was the basic level on his own
997,"""then said unto him, son, and said, what is forth against the cup of the and unto them."""
998,so move the main is selected.
999,then type: student within the equal to be and and use the ide
1000,"tell the legs up to your eyes, and makes it down on the body and"
